,L,H,Theta1,Theta2,drail,dball,Theta3,Theta_avg,Gate1,Gate2,Gate3,Gate4,Gate_T_1,Gate_T_2,Gate_T_3,Gate_T_4,Gate_T_5
0,88.95400000000001,23.446857142857144,0.2553081055426936,0.2629405646177611,0.6099999999999999,1.2090384615384617,0.2577222440755764,0.2577309928279157,15.045857142857143,30.05785714285714,45.12428571428571,60.39,0.0,0.1801071923102473,0.31747000000000014,0.43268873373998695,0.5363707342491709
1,0.015811388300841896,0.018898223650461364,0.003630504294595826,0.003630504294595826,0.0228747855498907,0.020801257358446092,0.00020342115450521878,0.00020278550881607486,0.018898223650461364,0.018898223650461364,0.018898223650461364,0.018898223650461364,0.0013745865217710054,0.0009308418135648555,0.000766594199473664,0.0006587734883878665,0.0005928741545601625
