EXP1,EXP2,EXP3,EXP4
1.820874536185988213e-01,7.173943355317650983e-02,7.347425170265713124e-02,4.676180577770445296e-02
